video_file,frame_number,timestamp_seconds,class_id,class_name,confidence,bbox_x1,bbox_y1,bbox_x2,bbox_y2,bbox_width,bbox_height,latitude,longitude,elevation,gps_time
downloaded_videos/0047_Back_Bone_Rd_1.mp4,385,12.846167,1,patches,0.3122878074645996,634,560,773,637,139,77,34.172563595809045,-86.53191354957875,258.53620332845054,2016-10-18T20:10:20.846167Z
downloaded_videos/0047_Back_Bone_Rd_1.mp4,411,13.7137,2,alligator_crack,0.3089289367198944,602,582,787,648,185,66,34.172510832030326,-86.5318470311081,258.7178471984863,2016-10-18T20:10:21.713700Z
downloaded_videos/0047_Back_Bone_Rd_1.mp4,700,23.356667,2,alligator_crack,0.5074175000190735,752,510,970,648,218,138,34.171855775266884,-86.53105885768309,260.9224159749349,2016-10-18T20:10:31.356667Z
downloaded_videos/0047_Back_Bone_Rd_1.mp4,818,27.293933,4,longitudinal_crack,0.3239187002182007,583,214,863,248,280,34,34.171550731077794,-86.53074523774535,260.6000061035156,2016-10-18T20:10:35.293933Z
downloaded_videos/0047_Back_Bone_Rd_1.mp4,819,27.3273,4,longitudinal_crack,0.32263457775115967,579,223,868,259,289,36,34.17154800143838,-86.53074234030024,260.6000061035156,2016-10-18T20:10:35.327300Z
downloaded_videos/0047_Back_Bone_Rd_1.mp4,823,27.460767,4,longitudinal_crack,0.3828579783439636,559,249,882,290,323,41,34.17153708288073,-86.53073075051978,260.6000061035156,2016-10-18T20:10:35.460767Z
downloaded_videos/0047_Back_Bone_Rd_1.mp4,826,27.560867,4,longitudinal_crack,0.3578612804412842,537,254,895,296,358,42,34.1715288939625,-86.53072205818445,260.6000061035156,2016-10-18T20:10:35.560867Z
downloaded_videos/0047_Back_Bone_Rd_1.mp4,827,27.594233,4,longitudinal_crack,0.39093852043151855,533,256,905,302,372,46,34.17152616432309,-86.53071916073934,260.6000061035156,2016-10-18T20:10:35.594233Z
downloaded_videos/0047_Back_Bone_Rd_1.mp4,828,27.6276,4,longitudinal_crack,0.4341168701648712,529,265,901,308,372,43,34.17152343468368,-86.53071626329422,260.6000061035156,2016-10-18T20:10:35.627600Z
downloaded_videos/0047_Back_Bone_Rd_1.mp4,828,27.6276,1,patches,0.3632320761680603,529,265,901,308,372,43,34.17152343468368,-86.53071626329422,260.6000061035156,2016-10-18T20:10:35.627600Z
downloaded_videos/0047_Back_Bone_Rd_1.mp4,829,27.660967,4,longitudinal_crack,0.49811291694641113,516,275,910,317,394,42,34.17152070504427,-86.53071336584911,260.6000061035156,2016-10-18T20:10:35.660967Z
downloaded_videos/0047_Back_Bone_Rd_1.mp4,829,27.660967,1,patches,0.37784621119499207,516,275,910,317,394,42,34.17152070504427,-86.53071336584911,260.6000061035156,2016-10-18T20:10:35.660967Z
downloaded_videos/0047_Back_Bone_Rd_1.mp4,830,27.694333,1,patches,0.3816862404346466,510,278,926,332,416,54,34.17151797540486,-86.530710468404,260.6000061035156,2016-10-18T20:10:35.694333Z
downloaded_videos/0047_Back_Bone_Rd_1.mp4,831,27.7277,1,patches,0.370154470205307,489,288,934,342,445,54,34.17151524576545,-86.53070757095888,260.6000061035156,2016-10-18T20:10:35.727700Z
downloaded_videos/0047_Back_Bone_Rd_1.mp4,832,27.761067,1,patches,0.3407987952232361,485,300,943,352,458,52,34.171512516126036,-86.53070467351377,260.6000061035156,2016-10-18T20:10:35.761067Z
downloaded_videos/0047_Back_Bone_Rd_1.mp4,876,29.2292,2,alligator_crack,0.45210638642311096,687,599,848,648,161,49,34.171393552165476,-86.53057351867855,260.72529899902344,2016-10-18T20:10:37.229200Z
downloaded_videos/0047_Back_Bone_Rd_1.mp4,880,29.362667,2,alligator_crack,0.5120347142219543,700,284,774,361,74,77,34.17138217493892,-86.53056125767529,260.77286442057294,2016-10-18T20:10:37.362667Z
downloaded_videos/0047_Back_Bone_Rd_1.mp4,881,29.396033,2,alligator_crack,0.3451051712036133,700,292,777,371,77,79,34.17137933063228,-86.53055819242448,260.78475577596026,2016-10-18T20:10:37.396033Z
downloaded_videos/0047_Back_Bone_Rd_1.mp4,885,29.5295,2,alligator_crack,0.3587237298488617,710,526,829,594,119,68,34.17136795340571,-86.53054593142122,260.83232119750977,2016-10-18T20:10:37.529500Z
downloaded_videos/0047_Back_Bone_Rd_1.mp4,892,29.763067,2,alligator_crack,0.5455546975135803,707,454,857,646,150,192,34.171348043259236,-86.53052447466553,260.91556068522135,2016-10-18T20:10:37.763067Z
downloaded_videos/0047_Back_Bone_Rd_1.mp4,893,29.796433,2,alligator_crack,0.31232503056526184,715,502,858,648,143,146,34.171345198952594,-86.5305214094147,260.9274520406087,2016-10-18T20:10:37.796433Z
downloaded_videos/0047_Back_Bone_Rd_1.mp4,894,29.8298,2,alligator_crack,0.5966179370880127,727,533,844,646,117,113,34.17134235464595,-86.5305183441639,260.9393433959961,2016-10-18T20:10:37.829800Z
downloaded_videos/0047_Back_Bone_Rd_1.mp4,895,29.863167,2,alligator_crack,0.730256974697113,733,589,853,648,120,59,34.171339510339315,-86.53051527891309,260.9512347513835,2016-10-18T20:10:37.863167Z
downloaded_videos/0047_Back_Bone_Rd_1.mp4,928,30.964267,2,alligator_crack,0.49805212020874023,711,265,845,451,134,186,34.1712399905473,-86.530410326913,261.0,2016-10-18T20:10:38.964267Z
downloaded_videos/0047_Back_Bone_Rd_1.mp4,929,30.997633,2,alligator_crack,0.3400084376335144,704,240,843,472,139,232,34.17123695046734,-86.53040713021439,261.0,2016-10-18T20:10:38.997633Z
downloaded_videos/0047_Back_Bone_Rd_1.mp4,946,31.564867,2,alligator_crack,0.35065320134162903,757,507,944,647,187,140,34.17118915152736,-86.5303578524217,260.9753663798014,2016-10-18T20:10:39.564867Z
downloaded_videos/0047_Back_Bone_Rd_1.mp4,949,31.664967,2,alligator_crack,0.3568119704723358,697,318,825,458,128,140,34.17118071929086,-86.53034916008636,260.97100105692545,2016-10-18T20:10:39.664967Z
downloaded_videos/0047_Back_Bone_Rd_1.mp4,959,31.998633,2,alligator_crack,0.310139924287796,703,604,848,648,145,44,34.17115261183586,-86.53032018563523,260.9564499806722,2016-10-18T20:10:39.998633Z
downloaded_videos/0047_Back_Bone_Rd_1.mp4,984,32.8328,1,patches,0.32773569226264954,660,336,804,480,144,144,34.171078643560406,-86.53024083886295,260.67773989257813,2016-10-18T20:10:40.832800Z
downloaded_videos/0047_Back_Bone_Rd_1.mp4,986,32.899533,1,patches,0.3114136755466461,657,238,807,538,150,300,34.17107272561267,-86.53023449021391,260.65541127115887,2016-10-18T20:10:40.899533Z
downloaded_videos/0047_Back_Bone_Rd_1.mp4,991,33.066367,2,alligator_crack,0.38704508543014526,657,284,813,496,156,212,34.17105814769212,-86.5302190580517,260.6365158976237,2016-10-18T20:10:41.066367Z
downloaded_videos/0047_Back_Bone_Rd_1.mp4,993,33.1331,2,alligator_crack,0.5627759099006653,646,290,829,626,183,336,34.171052447891796,-86.53021315129101,260.6513174682617,2016-10-18T20:10:41.133100Z
downloaded_videos/0047_Back_Bone_Rd_1.mp4,995,33.199833,2,alligator_crack,0.37763121724128723,645,319,825,648,180,329,34.17104674809147,-86.53020724453032,260.66611903889975,2016-10-18T20:10:41.199833Z
downloaded_videos/0047_Back_Bone_Rd_1.mp4,996,33.2332,2,alligator_crack,0.5646365880966187,648,323,823,647,175,324,34.1710438981913,-86.53020429114997,260.6735198242188,2016-10-18T20:10:41.233200Z
downloaded_videos/0047_Back_Bone_Rd_1.mp4,1001,33.400033,1,patches,0.4343870282173157,663,251,758,345,95,94,34.171029648690485,-86.53018952424824,260.7105237508138,2016-10-18T20:10:41.400033Z
downloaded_videos/0047_Back_Bone_Rd_1.mp4,1002,33.4334,2,alligator_crack,0.3096185028553009,622,472,847,649,225,177,34.17102679879032,-86.5301865708679,260.7179245361328,2016-10-18T20:10:41.433400Z
downloaded_videos/0047_Back_Bone_Rd_1.mp4,1003,33.466767,2,alligator_crack,0.5911156535148621,639,462,847,648,208,186,34.17102394889016,-86.53018361748755,260.7253253214518,2016-10-18T20:10:41.466767Z
downloaded_videos/0047_Back_Bone_Rd_1.mp4,1004,33.500133,2,alligator_crack,0.4330419600009918,639,486,833,649,194,163,34.171021098989996,-86.5301806641072,260.7327261067708,2016-10-18T20:10:41.500133Z
downloaded_videos/0047_Back_Bone_Rd_1.mp4,1004,33.500133,1,patches,0.35840678215026855,661,275,767,389,106,114,34.171021098989996,-86.5301806641072,260.7327261067708,2016-10-18T20:10:41.500133Z
downloaded_videos/0047_Back_Bone_Rd_1.mp4,1005,33.5335,2,alligator_crack,0.7004719376564026,640,506,828,648,188,142,34.171018249089826,-86.53017771072686,260.74012689208985,2016-10-18T20:10:41.533500Z
downloaded_videos/0047_Back_Bone_Rd_1.mp4,1006,33.566867,2,alligator_crack,0.5191870927810669,635,540,832,648,197,108,34.17101539918966,-86.53017475734651,260.74752767740887,2016-10-18T20:10:41.566867Z
downloaded_videos/0047_Back_Bone_Rd_1.mp4,1013,33.800433,2,alligator_crack,0.4704427123069763,644,444,827,647,183,203,34.17099544988852,-86.53015408368408,260.7993331746419,2016-10-18T20:10:41.800433Z
downloaded_videos/0047_Back_Bone_Rd_1.mp4,1014,33.8338,2,alligator_crack,0.6144035458564758,640,475,844,647,204,172,34.17099259998836,-86.53015113030374,260.8067339599609,2016-10-18T20:10:41.833800Z
downloaded_videos/0047_Back_Bone_Rd_1.mp4,1015,33.867167,2,alligator_crack,0.6118319034576416,634,521,831,648,197,127,34.17098975008819,-86.53014817692339,260.81413474527994,2016-10-18T20:10:41.867167Z
downloaded_videos/0047_Back_Bone_Rd_1.mp4,1016,33.900533,2,alligator_crack,0.4517194926738739,637,556,816,649,179,93,34.170986900188026,-86.53014522354304,260.82153553059896,2016-10-18T20:10:41.900533Z
downloaded_videos/0047_Back_Bone_Rd_1.mp4,1047,34.9349,2,alligator_crack,0.3648588955402374,516,580,723,648,207,68,34.170895497148855,-86.53005695997365,261.17680960388185,2016-10-18T20:10:42.934900Z
downloaded_videos/0047_Back_Bone_Rd_1.mp4,1094,36.503133,2,alligator_crack,0.4447004199028015,582,580,736,648,154,68,34.170745695116,-86.52993645336852,260.97707842407226,2016-10-18T20:10:44.503133Z
downloaded_videos/0047_Back_Bone_Rd_1.mp4,1190,39.706333,1,patches,0.3190067410469055,762,549,964,647,202,98,34.17041380802169,-86.52972734771669,261.4522561136882,2016-10-18T20:10:47.706333Z
downloaded_videos/0047_Back_Bone_Rd_1.mp4,1206,40.2402,1,patches,0.36459073424339294,702,485,956,647,254,162,34.17035550755449,-86.52969301448576,261.8741180419922,2016-10-18T20:10:48.240200Z
downloaded_videos/0047_Back_Bone_Rd_1.mp4,1242,41.4414,2,alligator_crack,0.30225637555122375,601,593,767,648,166,55,34.17022722597979,-86.52961814484559,262.7206178527832,2016-10-18T20:10:49.441400Z
downloaded_videos/0047_Back_Bone_Rd_1.mp4,1246,41.574867,2,alligator_crack,0.3268979787826538,597,595,750,648,153,53,34.170212604509665,-86.52960969862528,262.7977904886881,2016-10-18T20:10:49.574867Z
downloaded_videos/0047_Back_Bone_Rd_1.mp4,1252,41.775067,2,alligator_crack,0.3524220585823059,663,557,859,648,196,91,34.17019067230448,-86.52959702929482,262.91354944254556,2016-10-18T20:10:49.775067Z
downloaded_videos/0047_Back_Bone_Rd_1.mp4,1307,43.610233,2,alligator_crack,0.45545947551727295,532,443,714,647,182,204,34.1700000750795,-86.52948071193696,263.42660593973795,2016-10-18T20:10:51.610233Z
downloaded_videos/0047_Back_Bone_Rd_1.mp4,1308,43.6436,2,alligator_crack,0.320459246635437,519,485,721,648,202,163,34.16999665184319,-86.52947860877215,263.42806104736326,2016-10-18T20:10:51.643600Z
downloaded_videos/0047_Back_Bone_Rd_1.mp4,1309,43.676967,2,alligator_crack,0.5109603404998779,529,541,711,648,182,107,34.16999322860688,-86.52947650560736,263.4295161549886,2016-10-18T20:10:51.676967Z
downloaded_videos/0047_Back_Bone_Rd_1.mp4,1310,43.710333,2,alligator_crack,0.4984099864959717,516,590,716,648,200,58,34.16998980537057,-86.52947440244257,263.4309712626139,2016-10-18T20:10:51.710333Z
downloaded_videos/0047_Back_Bone_Rd_1.mp4,1368,45.6456,1,patches,0.31033197045326233,566,418,786,647,220,229,34.16979102645814,-86.52935932838916,263.82814216308594,2016-10-18T20:10:53.645600Z
downloaded_videos/0047_Back_Bone_Rd_1.mp4,1369,45.678967,1,patches,0.3122744560241699,570,461,794,647,224,186,34.16978770390526,-86.52935752168112,263.82959727071125,2016-10-18T20:10:53.678967Z
downloaded_videos/0047_Back_Bone_Rd_1.mp4,1370,45.712333,1,patches,0.34607529640197754,564,480,804,647,240,167,34.169784381352365,-86.52935571497306,263.8310523783366,2016-10-18T20:10:53.712333Z
downloaded_videos/0047_Back_Bone_Rd_1.mp4,1420,47.380667,1,patches,0.3046221137046814,737,505,1140,647,403,142,34.16961315315217,-86.52925534609705,264.297928120931,2016-10-18T20:10:55.380667Z
downloaded_videos/0047_Back_Bone_Rd_1.mp4,1451,48.415033,1,patches,0.3516783118247986,591,502,722,594,131,92,34.16950692361034,-86.52919451236446,264.486708400472,2016-10-18T20:10:56.415033Z
downloaded_videos/0047_Back_Bone_Rd_1.mp4,1512,50.4504,1,patches,0.34707456827163696,779,382,1128,481,349,99,34.169299225330356,-86.52907464817912,264.4824131591797,2016-10-18T20:10:58.450400Z
downloaded_videos/0047_Back_Bone_Rd_1.mp4,1514,50.517133,1,patches,0.3828985095024109,811,441,1151,543,340,102,34.16929239004478,-86.52907080542855,264.4913963358561,2016-10-18T20:10:58.517133Z
downloaded_videos/0047_Back_Bone_Rd_1.mp4,1515,50.5505,1,patches,0.4174067974090576,831,484,1149,575,318,91,34.16928897240199,-86.52906888405327,264.49588792419434,2016-10-18T20:10:58.550500Z
downloaded_videos/0047_Back_Bone_Rd_1.mp4,1516,50.583867,1,patches,0.5261988043785095,860,535,1151,618,291,83,34.169285554759206,-86.52906696267799,264.50037951253256,2016-10-18T20:10:58.583867Z
downloaded_videos/0047_Back_Bone_Rd_1.mp4,1618,53.987267,2,alligator_crack,0.37216585874557495,325,583,503,648,178,65,34.16892700527794,-86.52886078209244,263.6045440633138,2016-10-18T20:11:01.987267Z
downloaded_videos/0047_Back_Bone_Rd_1.mp4,1680,56.056,2,alligator_crack,0.3166242837905884,721,595,972,648,251,53,34.16872418761253,-86.52873605892063,263.92709497070314,2016-10-18T20:11:04.056000Z
downloaded_videos/0047_Back_Bone_Rd_1.mp4,1815,60.5605,1,patches,0.32919174432754517,127,259,382,319,255,60,34.16844995034859,-86.5285651134001,263.90275984191896,2016-10-18T20:11:08.560500Z
downloaded_videos/0047_Back_Bone_Rd_1.mp4,1816,60.593867,1,patches,0.3101036250591278,128,262,378,320,250,58,34.168449088945984,-86.52856437785178,263.89826825358074,2016-10-18T20:11:08.593867Z
downloaded_videos/0047_Back_Bone_Rd_1.mp4,1817,60.627233,1,patches,0.39122387766838074,129,265,376,327,247,62,34.16844822754339,-86.52856364230345,263.8937766652425,2016-10-18T20:11:08.627233Z
downloaded_videos/0047_Back_Bone_Rd_1.mp4,1818,60.6606,1,patches,0.35585281252861023,127,265,392,329,265,64,34.16844736614078,-86.52856290675514,263.8892850769043,2016-10-18T20:11:08.660600Z
downloaded_videos/0047_Back_Bone_Rd_1.mp4,1819,60.693967,1,patches,0.36749014258384705,127,270,385,333,258,63,34.168446504738185,-86.52856217120681,263.88479348856606,2016-10-18T20:11:08.693967Z
downloaded_videos/0047_Back_Bone_Rd_1.mp4,1822,60.794067,1,patches,0.30010008811950684,726,287,1125,355,399,68,34.16844392053038,-86.52855996456184,263.87131872355144,2016-10-18T20:11:08.794067Z
downloaded_videos/0047_Back_Bone_Rd_1.mp4,1823,60.827433,1,patches,0.30330580472946167,762,296,1144,359,382,63,34.168443059127775,-86.52855922901351,263.8668271352132,2016-10-18T20:11:08.827433Z
downloaded_videos/0047_Back_Bone_Rd_1.mp4,1829,61.027633,1,patches,0.34678640961647034,813,334,1148,406,335,72,34.16843825435545,-86.5285550079681,263.8540484588623,2016-10-18T20:11:09.027633Z
downloaded_videos/0047_Back_Bone_Rd_1.mp4,1831,61.094367,1,patches,0.38920503854751587,789,337,1144,406,355,69,34.16843740973342,-86.52855400113388,263.8792872955322,2016-10-18T20:11:09.094367Z
downloaded_videos/0047_Back_Bone_Rd_1.mp4,1834,61.194467,1,patches,0.30213096737861633,131,344,1148,420,1017,76,34.168436142800374,-86.52855249088257,263.9171455505371,2016-10-18T20:11:09.194467Z
downloaded_videos/0047_Back_Bone_Rd_1.mp4,1836,61.2612,1,patches,0.5295804142951965,141,360,1153,428,1012,68,34.168435298178345,-86.52855148404836,263.942384387207,2016-10-18T20:11:09.261200Z
downloaded_videos/0047_Back_Bone_Rd_1.mp4,1837,61.294567,1,patches,0.5423241853713989,125,362,1148,432,1023,70,34.16843487586733,-86.52855098063127,263.955003805542,2016-10-18T20:11:09.294567Z
downloaded_videos/0047_Back_Bone_Rd_1.mp4,1838,61.327933,1,patches,0.4271605610847473,136,363,1152,438,1016,75,34.168434453556316,-86.52855047721415,263.96762322387696,2016-10-18T20:11:09.327933Z
downloaded_videos/0047_Back_Bone_Rd_1.mp4,1839,61.3613,1,patches,0.4391963481903076,141,375,1150,442,1009,67,34.1684340312453,-86.52854997379706,263.9802426422119,2016-10-18T20:11:09.361300Z
downloaded_videos/0047_Back_Bone_Rd_1.mp4,1840,61.394667,1,patches,0.3371562361717224,135,380,1148,443,1013,63,34.168433608934286,-86.52854947037994,263.9928620605469,2016-10-18T20:11:09.394667Z
downloaded_videos/0047_Back_Bone_Rd_1.mp4,1841,61.428033,1,patches,0.39190831780433655,129,387,1152,451,1023,64,34.16843318662327,-86.52854896696284,264.00548147888185,2016-10-18T20:11:09.428033Z
downloaded_videos/0047_Back_Bone_Rd_1.mp4,1842,61.4614,1,patches,0.3961961269378662,129,390,1148,458,1019,68,34.16843276431225,-86.52854846354575,264.0181008972168,2016-10-18T20:11:09.461400Z
downloaded_videos/0047_Back_Bone_Rd_1.mp4,1842,61.4614,1,patches,0.30308419466018677,123,311,1146,455,1023,144,34.16843276431225,-86.52854846354575,264.0181008972168,2016-10-18T20:11:09.461400Z
downloaded_videos/0047_Back_Bone_Rd_1.mp4,1843,61.494767,1,patches,0.37636497616767883,126,394,1154,463,1028,69,34.16843234200124,-86.52854796012863,264.0307203155518,2016-10-18T20:11:09.494767Z
downloaded_videos/0047_Back_Bone_Rd_1.mp4,1844,61.528133,1,patches,0.39370426535606384,130,400,1153,473,1023,73,34.16843191969022,-86.52854745671154,264.04333973388674,2016-10-18T20:11:09.528133Z
downloaded_videos/0047_Back_Bone_Rd_1.mp4,1845,61.5615,1,patches,0.4857877492904663,135,405,870,474,735,69,34.1684314973792,-86.52854695329442,264.0559591522217,2016-10-18T20:11:09.561500Z
downloaded_videos/0047_Back_Bone_Rd_1.mp4,1846,61.594867,1,patches,0.3961229920387268,127,411,1150,484,1023,73,34.16843107506819,-86.52854644987733,264.06857857055667,2016-10-18T20:11:09.594867Z
downloaded_videos/0047_Back_Bone_Rd_1.mp4,1846,61.594867,1,patches,0.33898094296455383,121,410,871,480,750,70,34.16843107506819,-86.52854644987733,264.06857857055667,2016-10-18T20:11:09.594867Z
downloaded_videos/0047_Back_Bone_Rd_1.mp4,1847,61.628233,1,patches,0.3937947452068329,125,413,875,488,750,75,34.16843065275717,-86.52854594646021,264.0811979888916,2016-10-18T20:11:09.628233Z
downloaded_videos/0047_Back_Bone_Rd_1.mp4,1849,61.694967,1,patches,0.3988302946090698,128,429,897,507,769,78,34.168429808135144,-86.528544939626,264.1064368255615,2016-10-18T20:11:09.694967Z
downloaded_videos/0047_Back_Bone_Rd_1.mp4,1850,61.728333,1,patches,0.3746681213378906,128,437,897,515,769,78,34.168429385824126,-86.5285444362089,264.11905624389647,2016-10-18T20:11:09.728333Z
downloaded_videos/0047_Back_Bone_Rd_1.mp4,1851,61.7617,1,patches,0.3926045894622803,123,446,893,531,770,85,34.168428963513115,-86.5285439327918,264.13167566223143,2016-10-18T20:11:09.761700Z
downloaded_videos/0047_Back_Bone_Rd_1.mp4,1852,61.795067,1,patches,0.4172774851322174,121,451,919,544,798,93,34.1684285412021,-86.5285434293747,264.1442950805664,2016-10-18T20:11:09.795067Z
downloaded_videos/0047_Back_Bone_Rd_1.mp4,1853,61.828433,1,patches,0.38736972212791443,126,459,935,548,809,89,34.168428118891086,-86.5285429259576,264.15691449890136,2016-10-18T20:11:09.828433Z
downloaded_videos/0047_Back_Bone_Rd_1.mp4,1854,61.8618,1,patches,0.4586047828197479,128,472,923,559,795,87,34.16842769658007,-86.52854242254048,264.1695339172363,2016-10-18T20:11:09.861800Z
downloaded_videos/0047_Back_Bone_Rd_1.mp4,1854,61.8618,1,patches,0.32074981927871704,131,277,1132,423,1001,146,34.16842769658007,-86.52854242254048,264.1695339172363,2016-10-18T20:11:09.861800Z
downloaded_videos/0047_Back_Bone_Rd_1.mp4,1855,61.895167,1,patches,0.37908896803855896,127,480,934,574,807,94,34.16842727426905,-86.52854191912338,264.1821533355713,2016-10-18T20:11:09.895167Z
downloaded_videos/0047_Back_Bone_Rd_1.mp4,1856,61.928533,1,patches,0.3177023231983185,125,489,943,579,818,90,34.16842685195804,-86.52854141570627,264.19477275390625,2016-10-18T20:11:09.928533Z
downloaded_videos/0047_Back_Bone_Rd_1.mp4,1860,62.062,1,patches,0.3375372588634491,130,283,667,444,537,161,34.16842476256192,-86.52853951117024,264.2342025146484,2016-10-18T20:11:10.062000Z
downloaded_videos/0047_Back_Bone_Rd_1.mp4,1860,62.062,1,patches,0.3089035153388977,133,514,974,643,841,129,34.16842476256192,-86.52853951117024,264.2342025146484,2016-10-18T20:11:10.062000Z
downloaded_videos/0047_Back_Bone_Rd_1.mp4,1861,62.095367,1,patches,0.34015798568725586,130,525,978,645,848,120,34.16842412490025,-86.52853906648512,264.2408762552897,2016-10-18T20:11:10.095367Z
downloaded_videos/0047_Back_Bone_Rd_1.mp4,1862,62.128733,1,patches,0.30336859822273254,129,534,980,647,851,113,34.168423487238584,-86.52853862180002,264.24754999593097,2016-10-18T20:11:10.128733Z
downloaded_videos/0047_Back_Bone_Rd_1.mp4,1863,62.1621,1,patches,0.38774216175079346,130,288,656,458,526,170,34.16842284957692,-86.52853817711491,264.25422373657227,2016-10-18T20:11:10.162100Z
downloaded_videos/0047_Back_Bone_Rd_1.mp4,1863,62.1621,1,patches,0.30297234654426575,131,537,1144,647,1013,110,34.16842284957692,-86.52853817711491,264.25422373657227,2016-10-18T20:11:10.162100Z
downloaded_videos/0047_Back_Bone_Rd_1.mp4,1864,62.195467,1,patches,0.4220913052558899,128,546,1006,648,878,102,34.16842221191526,-86.5285377324298,264.2608974772135,2016-10-18T20:11:10.195467Z
downloaded_videos/0047_Back_Bone_Rd_1.mp4,1864,62.195467,1,patches,0.3732805848121643,133,290,668,462,535,172,34.16842221191526,-86.5285377324298,264.2608974772135,2016-10-18T20:11:10.195467Z
downloaded_videos/0047_Back_Bone_Rd_1.mp4,1865,62.228833,1,patches,0.35115474462509155,128,553,1028,648,900,95,34.168421574253586,-86.5285372877447,264.2675712178548,2016-10-18T20:11:10.228833Z
downloaded_videos/0047_Back_Bone_Rd_1.mp4,1865,62.228833,1,patches,0.3162349760532379,131,288,705,467,574,179,34.168421574253586,-86.5285372877447,264.2675712178548,2016-10-18T20:11:10.228833Z
downloaded_videos/0047_Back_Bone_Rd_1.mp4,1872,62.4624,1,patches,0.3181591033935547,129,376,516,526,387,150,34.16841711062193,-86.52853417494893,264.3142874023437,2016-10-18T20:11:10.462400Z
downloaded_videos/0047_Back_Bone_Rd_1.mp4,1877,62.629233,1,patches,0.36474472284317017,133,311,672,567,539,256,34.168413922313604,-86.52853195152339,264.34765610555013,2016-10-18T20:11:10.629233Z
downloaded_videos/0047_Back_Bone_Rd_1.mp4,1879,62.695967,1,patches,0.3553604781627655,132,320,1143,609,1011,289,34.16841264699027,-86.52853106215316,264.3610035868327,2016-10-18T20:11:10.695967Z
downloaded_videos/0047_Back_Bone_Rd_1.mp4,1884,62.8628,1,patches,0.394100546836853,144,323,1136,523,992,200,34.16840945868194,-86.52852883872762,264.3943722900391,2016-10-18T20:11:10.862800Z
downloaded_videos/0047_Back_Bone_Rd_1.mp4,1885,62.896167,1,patches,0.4042739272117615,192,324,1137,531,945,207,34.16840882102028,-86.52852839404251,264.40104603068033,2016-10-18T20:11:10.896167Z
downloaded_videos/0047_Back_Bone_Rd_1.mp4,1902,63.4634,1,patches,0.3846166431903839,139,393,1150,647,1011,254,34.16839421312325,-86.52851776589826,264.5145844726562,2016-10-18T20:11:11.463400Z
downloaded_videos/0047_Back_Bone_Rd_1.mp4,1905,63.5635,1,patches,0.5436528325080872,139,402,1146,525,1007,123,34.1683914862806,-86.52851576901041,264.5346240234375,2016-10-18T20:11:11.563500Z
downloaded_videos/0047_Back_Bone_Rd_1.mp4,1906,63.596867,1,patches,0.4989967346191406,144,408,1141,537,997,129,34.16839057733305,-86.52851510338112,264.5413038736979,2016-10-18T20:11:11.596867Z
downloaded_videos/0047_Back_Bone_Rd_1.mp4,1907,63.630233,1,patches,0.31507644057273865,143,414,1147,542,1004,128,34.1683896683855,-86.52851443775184,264.54798372395834,2016-10-18T20:11:11.630233Z
downloaded_videos/0047_Back_Bone_Rd_1.mp4,1907,63.630233,1,patches,0.3136255443096161,129,424,1148,646,1019,222,34.1683896683855,-86.52851443775184,264.54798372395834,2016-10-18T20:11:11.630233Z
downloaded_videos/0047_Back_Bone_Rd_1.mp4,1909,63.696967,1,patches,0.3322907090187073,135,429,1148,637,1013,208,34.1683878504904,-86.52851310649328,264.56134342447916,2016-10-18T20:11:11.696967Z
downloaded_videos/0047_Back_Bone_Rd_1.mp4,1910,63.730333,1,patches,0.39693498611450195,136,438,1150,641,1014,203,34.16838694154285,-86.52851244086399,264.5680232747396,2016-10-18T20:11:11.730333Z
downloaded_videos/0047_Back_Bone_Rd_1.mp4,1911,63.7637,1,patches,0.4356095790863037,132,441,1141,647,1009,206,34.1683860325953,-86.52851177523472,264.574703125,2016-10-18T20:11:11.763700Z
downloaded_videos/0047_Back_Bone_Rd_1.mp4,1912,63.797067,1,patches,0.35560518503189087,135,451,1145,648,1010,197,34.16838512364775,-86.52851110960543,264.5813829752604,2016-10-18T20:11:11.797067Z
downloaded_videos/0047_Back_Bone_Rd_1.mp4,1914,63.8638,1,patches,0.3757402300834656,129,457,1138,649,1009,192,34.16838330575265,-86.52850977834687,264.5947426757813,2016-10-18T20:11:11.863800Z
downloaded_videos/0047_Back_Bone_Rd_1.mp4,1915,63.897167,1,patches,0.3921840488910675,129,481,1161,648,1032,167,34.1683823968051,-86.52850911271759,264.6014225260417,2016-10-18T20:11:11.897167Z
downloaded_videos/0047_Back_Bone_Rd_1.mp4,1916,63.930533,1,patches,0.456881582736969,132,491,1154,648,1022,157,34.16838148785755,-86.5285084470883,264.6081023763021,2016-10-18T20:11:11.930533Z
downloaded_videos/0047_Back_Bone_Rd_1.mp4,1917,63.9639,1,patches,0.4339762032032013,129,508,1156,648,1027,140,34.16838057891,-86.52850778145901,264.6147822265625,2016-10-18T20:11:11.963900Z
downloaded_videos/0047_Back_Bone_Rd_1.mp4,1918,63.997267,1,patches,0.39722782373428345,129,522,1156,648,1027,126,34.16837966996245,-86.52850711582974,264.6214620768229,2016-10-18T20:11:11.997267Z
downloaded_videos/0047_Back_Bone_Rd_1.mp4,1919,64.030633,1,patches,0.3223126530647278,127,533,1156,648,1029,115,34.168378635199744,-86.52850616005529,264.62813538309734,2016-10-18T20:11:12.030633Z
downloaded_videos/0047_Back_Bone_Rd_1.mp4,1920,64.064,1,patches,0.5312994718551636,127,544,1158,647,1031,103,34.16837758921087,-86.52850517839194,264.6348081054688,2016-10-18T20:11:12.064000Z
downloaded_videos/0047_Back_Bone_Rd_1.mp4,1921,64.097367,1,patches,0.3062138259410858,127,541,1151,647,1024,106,34.168376543221996,-86.52850419672858,264.64148082784016,2016-10-18T20:11:12.097367Z
downloaded_videos/0047_Back_Bone_Rd_1.mp4,1924,64.197467,1,patches,0.3121964633464813,127,592,279,648,152,56,34.16837340525538,-86.52850125173852,264.6614989949544,2016-10-18T20:11:12.197467Z
downloaded_videos/0047_Back_Bone_Rd_1.mp4,1925,64.230833,1,patches,0.3817459046840668,127,610,241,648,114,38,34.168372359266506,-86.52850027007517,264.66817171732583,2016-10-18T20:11:12.230833Z
downloaded_videos/0047_Back_Bone_Rd_1.mp4,1932,64.4644,1,patches,0.3680695593357086,808,513,1151,647,343,134,34.168365037344394,-86.52849339843169,264.71488077392576,2016-10-18T20:11:12.464400Z
downloaded_videos/0047_Back_Bone_Rd_1.mp4,1938,64.6646,1,patches,0.32510143518447876,379,339,1015,648,636,309,34.16835876141116,-86.52848750845156,264.7549171081543,2016-10-18T20:11:12.664600Z
downloaded_videos/0047_Back_Bone_Rd_1.mp4,1940,64.731333,1,patches,0.3482312858104706,368,343,1029,648,661,305,34.168356669433415,-86.52848554512485,264.7682625528971,2016-10-18T20:11:12.731333Z
downloaded_videos/0047_Back_Bone_Rd_1.mp4,1941,64.7647,1,patches,0.3373721241950989,415,346,1033,649,618,303,34.16835562344454,-86.5284845634615,264.77493527526855,2016-10-18T20:11:12.764700Z
downloaded_videos/0047_Back_Bone_Rd_1.mp4,1944,64.8648,1,patches,0.3034939169883728,417,344,1033,647,616,303,34.168352485477925,-86.52848161847145,264.7949534423828,2016-10-18T20:11:12.864800Z
downloaded_videos/0047_Back_Bone_Rd_1.mp4,1947,64.9649,1,patches,0.3665176331996918,400,355,1092,649,692,294,34.16834934751131,-86.52847867348139,264.8149716094971,2016-10-18T20:11:12.964900Z
downloaded_videos/0047_Back_Bone_Rd_1.mp4,1948,64.998267,1,patches,0.3619782626628876,407,354,1069,647,662,293,34.168348301522435,-86.52847769181803,264.82164433186847,2016-10-18T20:11:12.998267Z
downloaded_videos/0047_Back_Bone_Rd_1.mp4,1951,65.098367,1,patches,0.33767780661582947,358,366,1107,649,749,283,34.168344306075944,-86.52847430159804,264.8330079854329,2016-10-18T20:11:13.098367Z
downloaded_videos/0047_Back_Bone_Rd_1.mp4,1952,65.131733,1,patches,0.36391910910606384,322,379,1121,649,799,270,34.16834296922386,-86.52847316890956,264.83674503580727,2016-10-18T20:11:13.131733Z
downloaded_videos/0047_Back_Bone_Rd_1.mp4,1954,65.198467,1,patches,0.3646757900714874,353,378,1078,650,725,272,34.16834029551968,-86.52847090353258,264.844219136556,2016-10-18T20:11:13.198467Z
downloaded_videos/0047_Back_Bone_Rd_1.mp4,1956,65.2652,1,patches,0.31209394335746765,314,418,1069,649,755,231,34.1683376218155,-86.52846863815562,264.8516932373047,2016-10-18T20:11:13.265200Z
downloaded_videos/0047_Back_Bone_Rd_1.mp4,1957,65.298567,1,patches,0.3134051561355591,364,389,1110,648,746,259,34.16833628496342,-86.52846750546712,264.85543028767904,2016-10-18T20:11:13.298567Z
downloaded_videos/0047_Back_Bone_Rd_1.mp4,1958,65.331933,1,patches,0.3434692919254303,357,388,1070,649,713,261,34.16833494811132,-86.52846637277864,264.8591673380534,2016-10-18T20:11:13.331933Z
downloaded_videos/0047_Back_Bone_Rd_1.mp4,1959,65.3653,1,patches,0.3693636357784271,353,398,1095,648,742,250,34.168333611259236,-86.52846524009016,264.86290438842775,2016-10-18T20:11:13.365300Z
downloaded_videos/0047_Back_Bone_Rd_1.mp4,1960,65.398667,1,patches,0.3406262993812561,321,415,1082,649,761,234,34.16833227440715,-86.52846410740167,264.8666414388021,2016-10-18T20:11:13.398667Z
downloaded_videos/0047_Back_Bone_Rd_1.mp4,1961,65.432033,1,patches,0.47208985686302185,341,399,1096,648,755,249,34.16833093755506,-86.52846297471318,264.87037848917646,2016-10-18T20:11:13.432033Z
downloaded_videos/0047_Back_Bone_Rd_1.mp4,1962,65.4654,1,patches,0.4400077164173126,323,394,1079,649,756,255,34.16832960070297,-86.5284618420247,264.87411553955076,2016-10-18T20:11:13.465400Z
downloaded_videos/0047_Back_Bone_Rd_1.mp4,1963,65.498767,1,patches,0.35445138812065125,302,403,1086,648,784,245,34.16832826385088,-86.52846070933622,264.8778525899251,2016-10-18T20:11:13.498767Z
downloaded_videos/0047_Back_Bone_Rd_1.mp4,1964,65.532133,1,patches,0.30494797229766846,298,406,1107,649,809,243,34.168326926998795,-86.52845957664773,264.88158964029947,2016-10-18T20:11:13.532133Z
downloaded_videos/0047_Back_Bone_Rd_1.mp4,1965,65.5655,1,patches,0.36145588755607605,271,402,1119,648,848,246,34.16832559014671,-86.52845844395924,264.8853266906738,2016-10-18T20:11:13.565500Z
downloaded_videos/0047_Back_Bone_Rd_1.mp4,1967,65.632233,1,patches,0.3672040104866028,259,403,1095,649,836,246,34.16832291644253,-86.52845617858227,264.89280079142253,2016-10-18T20:11:13.632233Z
downloaded_videos/0047_Back_Bone_Rd_1.mp4,1968,65.6656,1,patches,0.35652250051498413,248,399,1105,649,857,250,34.16832157959044,-86.52845504589379,264.8965378417969,2016-10-18T20:11:13.665600Z
downloaded_videos/0047_Back_Bone_Rd_1.mp4,2097,69.9699,2,alligator_crack,0.37489575147628784,696,322,1062,649,366,327,34.168078965486956,-86.52824779724423,265.2533186981201,2016-10-18T20:11:17.969900Z
downloaded_videos/0047_Back_Bone_Rd_1.mp4,2107,70.303567,1,patches,0.32746922969818115,695,412,1107,649,412,237,34.16805549308751,-86.52822864468769,265.4281160268148,2016-10-18T20:11:18.303567Z
downloaded_videos/0047_Back_Bone_Rd_1.mp4,2132,71.137733,1,patches,0.3235543668270111,721,411,1087,648,366,237,34.16799603442848,-86.5281805776246,265.7969572224935,2016-10-18T20:11:19.137733Z
downloaded_videos/0047_Back_Bone_Rd_1.mp4,2185,72.906167,2,alligator_crack,0.40366601943969727,141,384,883,649,742,265,34.167857493460176,-86.52807212701534,265.6964605916341,2016-10-18T20:11:20.906167Z
downloaded_videos/0047_Back_Bone_Rd_1.mp4,2225,74.240833,2,alligator_crack,0.30995044112205505,485,403,885,649,400,246,34.167749656783414,-86.52798789704684,266.3510248565674,2016-10-18T20:11:22.240833Z
downloaded_videos/0047_Back_Bone_Rd_1.mp4,2307,76.9769,1,patches,0.38081133365631104,589,346,1052,645,463,299,34.167517314347435,-86.52778622907121,267.19178818969726,2016-10-18T20:11:24.976900Z
downloaded_videos/0047_Back_Bone_Rd_1.mp4,2308,77.010267,1,patches,0.3682955205440521,575,364,1064,645,489,281,34.167514455411585,-86.52778366487101,267.2006899047852,2016-10-18T20:11:25.010267Z
downloaded_videos/0047_Back_Bone_Rd_1.mp4,2309,77.043633,1,patches,0.33154675364494324,591,388,1114,647,523,259,34.16751158873085,-86.52778108905349,267.2028924224854,2016-10-18T20:11:25.043633Z
downloaded_videos/0047_Back_Bone_Rd_1.mp4,2310,77.077,1,patches,0.3788536489009857,576,407,1116,647,540,240,34.167508722050115,-86.52777851323597,267.2050949401856,2016-10-18T20:11:25.077000Z
downloaded_videos/0047_Back_Bone_Rd_1.mp4,2311,77.110367,1,patches,0.36195987462997437,579,424,1106,647,527,223,34.167505855369384,-86.52777593741845,267.2072974578857,2016-10-18T20:11:25.110367Z
downloaded_videos/0047_Back_Bone_Rd_1.mp4,2363,78.845433,1,patches,0.3092511296272278,472,221,792,278,320,57,34.1673542368887,-86.52763582979142,267.71745443827314,2016-10-18T20:11:26.845433Z
downloaded_videos/0047_Back_Bone_Rd_1.mp4,2438,81.347933,2,alligator_crack,0.38220033049583435,570,452,699,562,129,110,34.16712219813466,-86.52741061095334,268.78318366088865,2016-10-18T20:11:29.347933Z
downloaded_videos/0047_Back_Bone_Rd_1.mp4,2475,82.5825,2,alligator_crack,0.35491469502449036,612,577,731,648,119,71,34.16701039506588,-86.5272975231288,269.26418594360354,2016-10-18T20:11:30.582500Z
downloaded_videos/0047_Back_Bone_Rd_1.mp4,2540,84.751333,4,longitudinal_crack,0.39590591192245483,563,213,842,255,279,42,34.166815262641755,-86.52710003145039,270.14986071777344,2016-10-18T20:11:32.751333Z
downloaded_videos/0047_Back_Bone_Rd_1.mp4,2541,84.7847,4,longitudinal_crack,0.5164950489997864,560,213,845,255,285,42,34.16681218340714,-86.52709684314206,270.171348248291,2016-10-18T20:11:32.784700Z
downloaded_videos/0047_Back_Bone_Rd_1.mp4,2542,84.818067,4,longitudinal_crack,0.3902173340320587,557,212,846,254,289,42,34.166809104172515,-86.52709365483373,270.1928357788086,2016-10-18T20:11:32.818067Z
downloaded_videos/0047_Back_Bone_Rd_1.mp4,2544,84.8848,4,longitudinal_crack,0.34931614995002747,543,216,864,263,321,47,34.16680294570327,-86.52708727821708,270.23581083984374,2016-10-18T20:11:32.884800Z
downloaded_videos/0047_Back_Bone_Rd_1.mp4,2544,84.8848,3,pothole,0.31084540486335754,543,216,864,263,321,47,34.16680294570327,-86.52708727821708,270.23581083984374,2016-10-18T20:11:32.884800Z
downloaded_videos/0047_Back_Bone_Rd_1.mp4,2545,84.918167,4,longitudinal_crack,0.43138521909713745,541,219,867,264,326,45,34.166799866468644,-86.52708408990875,270.25729837036135,2016-10-18T20:11:32.918167Z
downloaded_videos/0047_Back_Bone_Rd_1.mp4,2547,84.9849,4,longitudinal_crack,0.3084603548049927,525,222,894,273,369,51,34.1667937079994,-86.52707771329209,270.3002734313965,2016-10-18T20:11:32.984900Z
downloaded_videos/0047_Back_Bone_Rd_1.mp4,2566,85.618867,1,patches,0.32306838035583496,225,455,1103,555,878,100,34.16673753681779,-86.52701993656531,270.88803201904295,2016-10-18T20:11:33.618867Z
downloaded_videos/0047_Back_Bone_Rd_1.mp4,2683,89.522767,2,alligator_crack,0.5078478455543518,612,443,750,649,138,206,34.16638810143806,-86.52666136655398,272.59117149149574,2016-10-18T20:11:37.522767Z
downloaded_videos/0047_Back_Bone_Rd_1.mp4,2684,89.556133,2,alligator_crack,0.5915446877479553,605,488,752,648,147,160,34.16638522077352,-86.52665841876716,272.6119248494466,2016-10-18T20:11:37.556133Z
downloaded_videos/0047_Back_Bone_Rd_1.mp4,2687,89.656233,2,alligator_crack,0.30729350447654724,612,608,772,648,160,40,34.16637657877989,-86.52664957540668,272.67418492329915,2016-10-18T20:11:37.656233Z
downloaded_videos/0047_Back_Bone_Rd_1.mp4,2704,90.223467,2,alligator_crack,0.3073694407939911,590,266,761,644,171,378,34.16632785098255,-86.52660030591488,273.06677791341144,2016-10-18T20:11:38.223467Z
downloaded_videos/0047_Back_Bone_Rd_1.mp4,2708,90.356933,2,alligator_crack,0.45324403047561646,646,331,768,647,122,316,34.166316473755984,-86.5265890181847,273.1735536905924,2016-10-18T20:11:38.356933Z
downloaded_videos/0047_Back_Bone_Rd_1.mp4,2710,90.423667,2,alligator_crack,0.3132326602935791,624,395,755,648,131,253,34.166310785142706,-86.5265833743196,273.22694157918295,2016-10-18T20:11:38.423667Z
downloaded_videos/0047_Back_Bone_Rd_1.mp4,2712,90.4904,2,alligator_crack,0.3685469627380371,620,464,748,649,128,185,34.16630509652943,-86.5265777304545,273.28032946777347,2016-10-18T20:11:38.490400Z
downloaded_videos/0047_Back_Bone_Rd_1.mp4,2713,90.523767,2,alligator_crack,0.5461425185203552,914,414,1149,646,235,232,34.166302252222785,-86.52657490852195,273.3070234120687,2016-10-18T20:11:38.523767Z
downloaded_videos/0047_Back_Bone_Rd_1.mp4,2714,90.557133,2,alligator_crack,0.6011099219322205,581,526,729,648,148,122,34.16629940791614,-86.52657208658941,273.33371735636393,2016-10-18T20:11:38.557133Z
downloaded_videos/0047_Back_Bone_Rd_1.mp4,2720,90.757333,2,alligator_crack,0.380770206451416,404,490,616,648,212,158,34.1662823420763,-86.52655515499413,273.49388102213544,2016-10-18T20:11:38.757333Z
downloaded_videos/0047_Back_Bone_Rd_1.mp4,2721,90.7907,2,alligator_crack,0.7306222915649414,403,520,595,649,192,129,34.16627949776966,-86.52655233306159,273.5205749664307,2016-10-18T20:11:38.790700Z
downloaded_videos/0047_Back_Bone_Rd_1.mp4,2722,90.824067,2,alligator_crack,0.6478824019432068,377,566,560,648,183,82,34.16627665346302,-86.52654951112903,273.5472689107259,2016-10-18T20:11:38.824067Z
downloaded_videos/0047_Back_Bone_Rd_1.mp4,2731,91.124367,2,alligator_crack,0.45505550503730774,355,515,703,648,348,133,34.166251273613426,-86.5265246245265,273.7902432800293,2016-10-18T20:11:39.124367Z
downloaded_videos/0047_Back_Bone_Rd_1.mp4,2732,91.157733,2,alligator_crack,0.44055354595184326,329,561,655,648,326,87,34.166248488038775,-86.52652193963527,273.81766936035154,2016-10-18T20:11:39.157733Z
downloaded_videos/0047_Back_Bone_Rd_1.mp4,2742,91.4914,1,patches,0.30303847789764404,739,432,1146,648,407,216,34.16622063229233,-86.52649509072303,274.0919301635742,2016-10-18T20:11:39.491400Z
downloaded_videos/0047_Back_Bone_Rd_1.mp4,2749,91.724967,1,patches,0.31093427538871765,693,379,1036,648,343,269,34.166201133269816,-86.52647629648447,274.2839127258301,2016-10-18T20:11:39.724967Z
downloaded_videos/0047_Back_Bone_Rd_1.mp4,2754,91.8918,1,patches,0.3494568467140198,754,453,1087,647,333,194,34.16618720539659,-86.52646287202835,274.4210431274414,2016-10-18T20:11:39.891800Z
downloaded_videos/0047_Back_Bone_Rd_1.mp4,2818,94.027267,1,patches,0.3301001489162445,452,525,646,622,194,97,34.166014370743184,-86.52630049602874,276.2274682149251,2016-10-18T20:11:42.027267Z
downloaded_videos/0047_Back_Bone_Rd_1.mp4,2819,94.060633,1,patches,0.30891120433807373,425,562,632,648,207,86,34.166011680258435,-86.52629799852055,276.23414093729656,2016-10-18T20:11:42.060633Z
downloaded_videos/0047_Back_Bone_Rd_1.mp4,3134,104.571133,1,patches,0.5761651992797852,299,383,965,473,666,90,34.16528850743361,-86.52541059071012,282.647316599528,2016-10-18T20:11:52.571133Z
downloaded_videos/0047_Back_Bone_Rd_1.mp4,3135,104.6045,1,patches,0.30896100401878357,285,398,928,490,643,92,34.165286910482685,-86.52540698009078,282.6591947174072,2016-10-18T20:11:52.604500Z
downloaded_videos/0047_Back_Bone_Rd_1.mp4,3136,104.637867,1,patches,0.37033089995384216,257,411,1088,533,831,122,34.165285313531754,-86.52540336947143,282.67107283528645,2016-10-18T20:11:52.637867Z
downloaded_videos/0047_Back_Bone_Rd_1.mp4,3137,104.671233,1,patches,0.45984163880348206,236,443,1148,567,912,124,34.16528371658083,-86.52539975885209,282.6829509531657,2016-10-18T20:11:52.671233Z
downloaded_videos/0047_Back_Bone_Rd_1.mp4,3138,104.7046,1,patches,0.3270184397697449,166,459,1137,600,971,141,34.16528211962991,-86.52539614823274,282.6948290710449,2016-10-18T20:11:52.704600Z
downloaded_videos/0047_Back_Bone_Rd_1.mp4,3139,104.737967,1,patches,0.3325704038143158,150,477,1074,629,924,152,34.16528052267898,-86.5253925376134,282.70670718892416,2016-10-18T20:11:52.737967Z
downloaded_videos/0047_Back_Bone_Rd_1.mp4,3150,105.105,2,alligator_crack,0.35689765214920044,517,270,638,345,121,75,34.16526323785074,-86.52535264478065,282.8092291259766,2016-10-18T20:11:53.105000Z
downloaded_videos/0047_Back_Bone_Rd_1.mp4,3151,105.138367,2,alligator_crack,0.42084065079689026,517,275,647,352,130,77,34.16526173039619,-86.52534897822608,282.81216581624346,2016-10-18T20:11:53.138367Z
downloaded_videos/0047_Back_Bone_Rd_1.mp4,3152,105.171733,2,alligator_crack,0.3377589285373688,516,291,636,354,120,63,34.16526022294164,-86.5253453116715,282.8151025065104,2016-10-18T20:11:53.171733Z
downloaded_videos/0047_Back_Bone_Rd_1.mp4,3164,105.572133,2,alligator_crack,0.33588236570358276,436,480,641,586,205,106,34.16524213348701,-86.52530131301657,282.8503427897135,2016-10-18T20:11:53.572133Z
downloaded_videos/0047_Back_Bone_Rd_1.mp4,3165,105.6055,2,alligator_crack,0.3901289701461792,424,531,608,618,184,87,34.165240626032464,-86.52529764646198,282.8532794799805,2016-10-18T20:11:53.605500Z
downloaded_videos/0047_Back_Bone_Rd_1.mp4,3422,114.180733,1,patches,0.3351988196372986,512,412,748,520,236,108,34.16478621143661,-86.52425559936091,286.35059707438154,2016-10-18T20:12:02.180733Z
downloaded_videos/0047_Back_Bone_Rd_1.mp4,3479,116.082633,1,patches,0.3316948115825653,257,524,1060,644,803,120,34.16468500553537,-86.52405300374049,285.97431473795575,2016-10-18T20:12:04.082633Z
downloaded_videos/0047_Back_Bone_Rd_1.mp4,3480,116.116,1,patches,0.4418525695800781,226,556,733,647,507,91,34.16468337502331,-86.52404924768955,285.9364758300781,2016-10-18T20:12:04.116000Z
downloaded_videos/0047_Back_Bone_Rd_1.mp4,3687,123.0229,2,alligator_crack,0.3253968060016632,159,349,754,646,595,297,34.164474075883625,-86.5232097350601,282.5207603149414,2016-10-18T20:12:11.022900Z
downloaded_videos/0047_Back_Bone_Rd_1.mp4,3688,123.056267,2,alligator_crack,0.3296421468257904,164,369,744,647,580,278,34.16447362840176,-86.52320575806499,282.5014742838542,2016-10-18T20:12:11.056267Z
downloaded_videos/0047_Back_Bone_Rd_1.mp4,3699,123.4233,1,patches,0.31549304723739624,404,345,769,648,365,303,34.16446870610118,-86.5231620111186,282.28932794189456,2016-10-18T20:12:11.423300Z
downloaded_videos/0047_Back_Bone_Rd_1.mp4,3851,128.495033,1,patches,0.4063727855682373,132,393,399,648,267,255,34.16443387162406,-86.52258688657265,278.57975574239094,2016-10-18T20:12:16.495033Z
downloaded_videos/0047_Back_Bone_Rd_1.mp4,3854,128.595133,1,patches,0.33876386284828186,135,424,397,649,262,225,34.1644352560211,-86.52257664203458,278.54412138875324,2016-10-18T20:12:16.595133Z
downloaded_videos/0047_Back_Bone_Rd_1.mp4,3855,128.6285,1,patches,0.315120667219162,129,413,365,648,236,235,34.164435717486775,-86.52257322718854,278.532243270874,2016-10-18T20:12:16.628500Z
downloaded_videos/0047_Back_Bone_Rd_1.mp4,3856,128.661867,1,patches,0.3340508043766022,128,405,366,647,238,242,34.16443617895246,-86.52256981234252,278.52036515299477,2016-10-18T20:12:16.661867Z
downloaded_videos/0047_Back_Bone_Rd_1.mp4,4126,137.670867,1,patches,0.3069453239440918,812,389,955,479,143,90,34.164550674671304,-86.52175599053689,273.3661583455404,2016-10-18T20:12:25.670867Z
downloaded_videos/0047_Back_Bone_Rd_1.mp4,4127,137.704233,1,patches,0.33268943428993225,788,401,942,496,154,95,34.16454991674889,-86.52175327488128,273.3987938944499,2016-10-18T20:12:25.704233Z
downloaded_videos/0047_Back_Bone_Rd_1.mp4,4131,137.8377,1,patches,0.34399110078811646,735,468,949,600,214,132,34.16454688505922,-86.52174241225887,273.5293360900879,2016-10-18T20:12:25.837700Z
downloaded_videos/0047_Back_Bone_Rd_1.mp4,4134,137.9378,1,patches,0.39911898970603943,379,385,547,492,168,107,34.16454461129196,-86.52173426529207,273.6272427368164,2016-10-18T20:12:25.937800Z
downloaded_videos/0047_Back_Bone_Rd_1.mp4,4135,137.971167,1,patches,0.6215648055076599,357,401,519,513,162,112,34.164543853369544,-86.52173154963646,273.65987828572594,2016-10-18T20:12:25.971167Z
downloaded_videos/0047_Back_Bone_Rd_1.mp4,4136,138.004533,1,patches,0.5110218524932861,307,417,492,527,185,110,34.164543023251,-86.521728887178,273.6905020019531,2016-10-18T20:12:26.004533Z
downloaded_videos/0047_Back_Bone_Rd_1.mp4,4137,138.0379,1,patches,0.4746870696544647,206,438,444,582,238,144,34.16454173394386,-86.52172656306904,273.7083298706055,2016-10-18T20:12:26.037900Z
downloaded_videos/0047_Back_Bone_Rd_1.mp4,4138,138.071267,1,patches,0.5099445581436157,127,468,389,625,262,157,34.16454044463672,-86.52172423896008,273.7261577392578,2016-10-18T20:12:26.071267Z
downloaded_videos/0047_Back_Bone_Rd_1.mp4,4139,138.104633,1,patches,0.35912516713142395,127,494,362,633,235,139,34.16453915532958,-86.52172191485111,273.74398560791013,2016-10-18T20:12:26.104633Z
downloaded_videos/0047_Back_Bone_Rd_1.mp4,4140,138.138,1,patches,0.31512323021888733,127,535,310,648,183,113,34.164537866022435,-86.52171959074214,273.7618134765625,2016-10-18T20:12:26.138000Z
downloaded_videos/0047_Back_Bone_Rd_1.mp4,4249,141.774967,4,longitudinal_crack,0.6890410780906677,400,508,1068,606,668,98,34.164311705550176,-86.52150705058872,270.78800336608884,2016-10-18T20:12:29.774967Z
downloaded_videos/0047_Back_Bone_Rd_1.mp4,4250,141.808333,4,longitudinal_crack,0.3673286736011505,328,531,1108,651,780,120,34.16430898150429,-86.52150543965399,270.75686569213866,2016-10-18T20:12:29.808333Z
downloaded_videos/0047_Back_Bone_Rd_1.mp4,4251,141.8417,4,longitudinal_crack,0.33472156524658203,290,568,1144,649,854,81,34.164306257458406,-86.52150382871926,270.7257280181885,2016-10-18T20:12:29.841700Z
downloaded_videos/0047_Back_Bone_Rd_1.mp4,4261,142.175367,2,alligator_crack,0.32090359926223755,512,537,758,648,246,111,34.16427807625942,-86.52148813094571,270.2506247029622,2016-10-18T20:12:30.175367Z
downloaded_videos/0047_Back_Bone_Rd_1.mp4,4302,143.5434,4,longitudinal_crack,0.36856380105018616,267,427,686,507,419,80,34.16415681985952,-86.52142502002046,268.31266951293946,2016-10-18T20:12:31.543400Z
downloaded_videos/0047_Back_Bone_Rd_1.mp4,4315,143.977167,2,alligator_crack,0.3092387318611145,381,617,498,648,117,31,34.16411729882006,-86.52140487774275,267.99455895487466,2016-10-18T20:12:31.977167Z
downloaded_videos/0047_Back_Bone_Rd_1.mp4,4357,145.378567,4,longitudinal_crack,0.30575746297836304,153,552,666,640,513,88,34.16398647105228,-86.52134999449085,267.4755710266113,2016-10-18T20:12:33.378567Z
downloaded_videos/0047_Back_Bone_Rd_1.mp4,4469,149.115633,1,patches,0.34425219893455505,707,438,1149,647,442,209,34.16363203029334,-86.52119042848796,267.52218482462564,2016-10-18T20:12:37.115633Z
downloaded_videos/0047_Back_Bone_Rd_1.mp4,4470,149.149,1,patches,0.352888822555542,699,457,1147,647,448,190,34.16362894266844,-86.5211888846755,267.51254180908205,2016-10-18T20:12:37.149000Z
downloaded_videos/0047_Back_Bone_Rd_1.mp4,4471,149.182367,1,patches,0.39416587352752686,688,480,1145,647,457,167,34.16362585504353,-86.52118734086305,267.5028987935384,2016-10-18T20:12:37.182367Z
downloaded_videos/0047_Back_Bone_Rd_1.mp4,4472,149.215733,1,patches,0.3316660225391388,686,508,1149,647,463,139,34.16362276741862,-86.52118579705059,267.4932557779948,2016-10-18T20:12:37.215733Z
downloaded_videos/0047_Back_Bone_Rd_1.mp4,4474,149.282467,1,patches,0.34495407342910767,812,574,1084,648,272,74,34.16361659216881,-86.52118270942569,267.4739697469075,2016-10-18T20:12:37.282467Z
downloaded_videos/0047_Back_Bone_Rd_1.mp4,4505,150.316833,1,patches,0.3469354212284088,1021,442,1113,488,92,46,34.163519521406855,-86.52113280637656,267.4637328491211,2016-10-18T20:12:38.316833Z
downloaded_videos/0047_Back_Bone_Rd_1.mp4,4506,150.3502,1,patches,0.3350841701030731,1050,463,1152,522,102,59,34.1635162911471,-86.52113104721344,267.4844933349609,2016-10-18T20:12:38.350200Z
downloaded_videos/0047_Back_Bone_Rd_1.mp4,4507,150.383567,1,patches,0.3664432466030121,1079,490,1152,562,73,72,34.16351306088735,-86.52112928805035,267.50525382080076,2016-10-18T20:12:38.383567Z
downloaded_videos/0047_Back_Bone_Rd_1.mp4,4511,150.517033,1,patches,0.4018467962741852,1025,441,1146,490,121,49,34.16350013984833,-86.52112225139793,267.58829576416014,2016-10-18T20:12:38.517033Z
downloaded_videos/0047_Back_Bone_Rd_1.mp4,4512,150.5504,1,patches,0.47887638211250305,1055,464,1152,524,97,60,34.163496909588574,-86.52112049223483,267.60905625,2016-10-18T20:12:38.550400Z
downloaded_videos/0047_Back_Bone_Rd_1.mp4,4513,150.583767,1,patches,0.3308601379394531,1092,498,1152,562,60,64,34.16349367932882,-86.52111873307172,267.6298167358398,2016-10-18T20:12:38.583767Z
downloaded_videos/0047_Back_Bone_Rd_1.mp4,4549,151.784967,1,patches,0.3245476186275482,133,473,1137,634,1004,161,34.16338331154082,-86.52105948249903,268.4644872721354,2016-10-18T20:12:39.784967Z
downloaded_videos/0047_Back_Bone_Rd_1.mp4,4550,151.818333,1,patches,0.3986305594444275,134,489,1150,647,1016,158,34.16338033298962,-86.52105789673514,268.48895833333336,2016-10-18T20:12:39.818333Z
downloaded_videos/0047_Back_Bone_Rd_1.mp4,4551,151.8517,1,patches,0.4327901601791382,126,501,1147,648,1021,147,34.16337735443842,-86.52105631097126,268.5134293945313,2016-10-18T20:12:39.851700Z
downloaded_videos/0047_Back_Bone_Rd_1.mp4,4567,152.385567,2,alligator_crack,0.4684627950191498,499,256,734,377,235,121,34.16333047324699,-86.52103333026822,268.6650697306315,2016-10-18T20:12:40.385567Z
downloaded_videos/0047_Back_Bone_Rd_1.mp4,4569,152.4523,2,alligator_crack,0.3499727249145508,480,266,748,397,268,131,34.16332465038914,-86.5210305726612,268.67249088134764,2016-10-18T20:12:40.452300Z
downloaded_videos/0047_Back_Bone_Rd_1.mp4,4570,152.485667,2,alligator_crack,0.3364999294281006,478,264,730,407,252,143,34.16332173896022,-86.52102919385769,268.6762014567057,2016-10-18T20:12:40.485667Z
downloaded_videos/0047_Back_Bone_Rd_1.mp4,4581,152.8527,4,longitudinal_crack,0.35668283700942993,163,454,1150,645,987,191,34.163289713242094,-86.52101402701904,268.71701778564454,2016-10-18T20:12:40.852700Z
downloaded_videos/0047_Back_Bone_Rd_1.mp4,4583,152.919433,4,longitudinal_crack,0.34469369053840637,136,519,830,649,694,130,34.16328389038425,-86.521011269412,268.7244389363607,2016-10-18T20:12:40.919433Z
downloaded_videos/0047_Back_Bone_Rd_1.mp4,4663,155.588767,2,alligator_crack,0.31518256664276123,328,366,554,437,226,71,34.16303128195647,-86.52086840996425,268.0324090820313,2016-10-18T20:12:43.588767Z
downloaded_videos/0047_Back_Bone_Rd_1.mp4,4676,156.022533,3,pothole,0.30651018023490906,969,571,1091,648,122,77,34.162988308332864,-86.52084350102395,267.82768156331383,2016-10-18T20:12:44.022533Z
downloaded_videos/0047_Back_Bone_Rd_1.mp4,4682,156.222733,3,pothole,0.6364099383354187,1008,529,1151,648,143,119,34.1629700175114,-86.52083319775387,267.8766135030111,2016-10-18T20:12:44.222733Z
downloaded_videos/0047_Back_Bone_Rd_1.mp4,4694,156.623133,3,pothole,0.3490189015865326,1079,440,1152,504,73,64,34.162933435868474,-86.52081259121373,267.9744773824056,2016-10-18T20:12:44.623133Z
downloaded_videos/0047_Back_Bone_Rd_1.mp4,4696,156.689867,3,pothole,0.5407240986824036,1021,484,1132,648,111,164,34.162927338927986,-86.52080915679038,267.99078802897134,2016-10-18T20:12:44.689867Z
downloaded_videos/0047_Back_Bone_Rd_1.mp4,4698,156.7566,3,pothole,0.30094367265701294,966,534,1103,648,137,114,34.1629212419875,-86.52080572236702,268.0070986755371,2016-10-18T20:12:44.756600Z
downloaded_videos/0047_Back_Bone_Rd_1.mp4,4792,159.893067,2,alligator_crack,0.3191269338130951,301,552,501,621,200,69,34.162690279461444,-86.52063377036154,270.3262935546875,2016-10-18T20:12:47.893067Z
downloaded_videos/0047_Back_Bone_Rd_1.mp4,4793,159.926433,1,patches,0.44595974683761597,219,539,446,631,227,92,34.162688296557405,-86.52063160007447,270.3907989135742,2016-10-18T20:12:47.926433Z
downloaded_videos/0047_Back_Bone_Rd_1.mp4,4880,162.829333,2,alligator_crack,0.33678314089775085,938,517,1150,614,212,97,34.162564089149235,-86.52041456177831,276.2532520345052,2016-10-18T20:12:50.829333Z
downloaded_videos/0047_Back_Bone_Rd_1.mp4,4883,162.929433,2,alligator_crack,0.40066877007484436,1008,531,1100,586,92,55,34.162559600346725,-86.52040675881318,276.40454453328454,2016-10-18T20:12:50.929433Z
downloaded_videos/0047_Back_Bone_Rd_1.mp4,4883,162.929433,2,alligator_crack,0.302825927734375,1011,534,1149,603,138,69,34.162559600346725,-86.52040675881318,276.40454453328454,2016-10-18T20:12:50.929433Z
downloaded_videos/0047_Back_Bone_Rd_1.mp4,4886,163.029533,2,alligator_crack,0.5143653154373169,1059,565,1152,638,93,73,34.162554970443246,-86.5203990598172,276.4849500020345,2016-10-18T20:12:51.029533Z
downloaded_videos/0047_Back_Bone_Rd_1.mp4,4934,164.631133,2,alligator_crack,0.3198873698711395,129,574,262,648,133,74,34.162470101762565,-86.52028228409216,274.59857506306963,2016-10-18T20:12:52.631133Z
downloaded_videos/0047_Back_Bone_Rd_1.mp4,4960,165.498667,2,alligator_crack,0.377530574798584,684,366,1038,435,354,69,34.1624187592417,-86.52021633423865,273.0915409342448,2016-10-18T20:12:53.498667Z
downloaded_videos/0047_Back_Bone_Rd_1.mp4,4966,165.698867,2,alligator_crack,0.469317764043808,668,516,801,589,133,73,34.162406761134044,-86.52020030879416,272.7267355753581,2016-10-18T20:12:53.698867Z
downloaded_videos/0047_Back_Bone_Rd_1.mp4,4967,165.732233,2,alligator_crack,0.3679230809211731,657,526,827,627,170,101,34.16240476144944,-86.52019763788674,272.66593468221026,2016-10-18T20:12:53.732233Z
downloaded_videos/0047_Back_Bone_Rd_1.mp4,4983,166.2661,2,alligator_crack,0.347549170255661,1105,510,1152,560,47,50,34.162373101059345,-86.5201536989389,271.68715977783205,2016-10-18T20:12:54.266100Z
downloaded_videos/0047_Back_Bone_Rd_1.mp4,5014,167.300467,3,pothole,0.30407771468162537,129,536,220,648,91,112,34.16231324242987,-86.52006231538206,270.12643941853844,2016-10-18T20:12:55.300467Z
downloaded_videos/0047_Back_Bone_Rd_1.mp4,5016,167.3672,2,alligator_crack,0.6016063690185547,1005,494,1121,575,116,81,34.16230951154977,-86.52005580452085,270.08047268066406,2016-10-18T20:12:55.367200Z
downloaded_videos/0047_Back_Bone_Rd_1.mp4,5018,167.433933,2,alligator_crack,0.3560328483581543,996,481,1151,586,155,105,34.162305780669676,-86.52004929365962,270.03450594278974,2016-10-18T20:12:55.433933Z
downloaded_videos/0047_Back_Bone_Rd_1.mp4,5021,167.534033,2,alligator_crack,0.3451636731624603,1013,515,1150,606,137,91,34.162300184349526,-86.5200395273678,269.9655558359782,2016-10-18T20:12:55.534033Z
downloaded_videos/0047_Back_Bone_Rd_1.mp4,5180,172.839333,1,patches,0.3360002934932709,402,164,828,453,426,289,34.16207235831767,-86.51955453872681,267.05717832438154,2016-10-18T20:13:00.839333Z
downloaded_videos/0047_Back_Bone_Rd_1.mp4,5260,175.508667,2,alligator_crack,0.3915109932422638,709,391,1063,564,354,173,34.16204300265759,-86.51938487833365,266.3744494018555,2016-10-18T20:13:03.508667Z
downloaded_videos/0047_Back_Bone_Rd_1.mp4,5261,175.542033,2,alligator_crack,0.6984593272209167,726,405,1084,572,358,167,34.16204316486977,-86.51938314154465,266.3611090484619,2016-10-18T20:13:03.542033Z
downloaded_videos/0047_Back_Bone_Rd_1.mp4,5262,175.5754,2,alligator_crack,0.7631979584693909,732,414,1110,587,378,173,34.162043327081946,-86.51938140475563,266.34776869506834,2016-10-18T20:13:03.575400Z
downloaded_videos/0047_Back_Bone_Rd_1.mp4,5263,175.608767,2,alligator_crack,0.7958735823631287,741,432,1096,599,355,167,34.16204348929413,-86.51937966796663,266.3344283416748,2016-10-18T20:13:03.608767Z
downloaded_videos/0047_Back_Bone_Rd_1.mp4,5264,175.642133,2,alligator_crack,0.7762237787246704,745,446,1137,619,392,173,34.1620436515063,-86.51937793117762,266.32108798828125,2016-10-18T20:13:03.642133Z
downloaded_videos/0047_Back_Bone_Rd_1.mp4,5265,175.6755,2,alligator_crack,0.7724311947822571,767,457,1148,641,381,184,34.16204381371848,-86.5193761943886,266.3077476348877,2016-10-18T20:13:03.675500Z
downloaded_videos/0047_Back_Bone_Rd_1.mp4,5266,175.708867,2,alligator_crack,0.8357887864112854,769,472,1148,648,379,176,34.16204397593066,-86.5193744575996,266.29440728149416,2016-10-18T20:13:03.708867Z
downloaded_videos/0047_Back_Bone_Rd_1.mp4,5267,175.742233,2,alligator_crack,0.8606556057929993,779,486,1151,648,372,162,34.16204413814284,-86.51937272081058,266.2810669281006,2016-10-18T20:13:03.742233Z
downloaded_videos/0047_Back_Bone_Rd_1.mp4,5268,175.7756,2,alligator_crack,0.7006384134292603,788,489,1151,648,363,159,34.16204430035502,-86.51937098402158,266.267726574707,2016-10-18T20:13:03.775600Z
downloaded_videos/0047_Back_Bone_Rd_1.mp4,5269,175.808967,2,alligator_crack,0.6016263365745544,790,520,1148,648,358,128,34.162044462567195,-86.51936924723256,266.2543862213135,2016-10-18T20:13:03.808967Z
downloaded_videos/0047_Back_Bone_Rd_1.mp4,5270,175.842333,2,alligator_crack,0.6632653474807739,826,538,1148,648,322,110,34.16204462477938,-86.51936751044356,266.2410458679199,2016-10-18T20:13:03.842333Z
downloaded_videos/0047_Back_Bone_Rd_1.mp4,5271,175.8757,2,alligator_crack,0.5343585014343262,845,553,1139,648,294,95,34.16204478699155,-86.51936577365454,266.22770551452635,2016-10-18T20:13:03.875700Z
downloaded_videos/0047_Back_Bone_Rd_1.mp4,5273,175.942433,2,alligator_crack,0.6432896852493286,905,593,1108,648,203,55,34.16204511141591,-86.51936230007652,266.20102480773926,2016-10-18T20:13:03.942433Z
downloaded_videos/0047_Back_Bone_Rd_1.mp4,5274,175.9758,2,alligator_crack,0.3863837718963623,928,613,1097,648,169,35,34.16204527362809,-86.5193605632875,266.1876844543457,2016-10-18T20:13:03.975800Z
